{"cameraMode":{"drawMode":0,"name":"Shaded","section":"Shading Mode"},"sceneLighting":false,"audioPlay":false,"sceneViewState":{"m_AlwaysRefresh":false,"showFog":true,"showSkybox":false,"showFlares":true,"showImageEffects":true,"showParticleSystems":true,"showVisualEffectGraphs":true,"m_FxEnabled":true},"in2DMode":false,"pivot":{"x":-0.08594387769699097,"y":2.383204936981201,"z":-4.131293296813965},"rotation":{"x":-0.13293348252773286,"y":0.08374068140983582,"z":-0.011272567324340344,"w":-0.9875164031982422},"size":0.8332748413085938,"orthographic":false}