{"cameraMode":{"drawMode":0,"name":"Shaded","section":"Shading Mode"},"sceneLighting":false,"audioPlay":false,"sceneViewState":{"m_AlwaysRefresh":false,"showFog":true,"showSkybox":false,"showFlares":true,"showImageEffects":true,"showParticleSystems":true,"showVisualEffectGraphs":true,"m_FxEnabled":true},"in2DMode":false,"pivot":{"x":4.123964309692383,"y":-0.10026885569095612,"z":-1.3770190477371216},"rotation":{"x":-0.013808994553983212,"y":-0.0039024187717586757,"z":0.00005375278487917967,"w":-0.9998929500579834},"size":2.0211381912231447,"orthographic":false}