{"cameraMode":{"drawMode":0,"name":"Shaded","section":"Shading Mode"},"sceneLighting":false,"audioPlay":false,"sceneViewState":{"m_AlwaysRefresh":false,"showFog":true,"showSkybox":false,"showFlares":true,"showImageEffects":true,"showParticleSystems":true,"showVisualEffectGraphs":true,"m_FxEnabled":true},"in2DMode":false,"pivot":{"x":-0.2461446225643158,"y":-0.036361150443553928,"z":-0.06610441207885742},"rotation":{"x":-0.018307361751794816,"y":0.011095046997070313,"z":-0.00020330787810962647,"w":-0.9997663497924805},"size":2.0211381912231447,"orthographic":false}