{"cameraMode":{"drawMode":0,"name":"Shaded","section":"Shading Mode"},"sceneLighting":false,"audioPlay":false,"sceneViewState":{"m_AlwaysRefresh":false,"showFog":true,"showSkybox":false,"showFlares":true,"showImageEffects":true,"showParticleSystems":true,"showVisualEffectGraphs":true,"m_FxEnabled":true},"in2DMode":false,"pivot":{"x":0.5225011706352234,"y":-0.10453759878873825,"z":-1.400166630744934},"rotation":{"x":-0.03928317129611969,"y":0.027570083737373353,"z":-0.001083601382561028,"w":-0.9988024830818176},"size":0.8034123182296753,"orthographic":false}