{"cameraMode":{"drawMode":0,"name":"Shaded","section":"Shading Mode"},"sceneLighting":true,"audioPlay":false,"sceneViewState":{"m_AlwaysRefresh":false,"showFog":true,"showSkybox":true,"showFlares":true,"showImageEffects":true,"showParticleSystems":true,"showVisualEffectGraphs":true,"m_FxEnabled":true},"in2DMode":false,"pivot":{"x":1.1798771619796754,"y":2.064772844314575,"z":-8.2304048538208},"rotation":{"x":-0.010806628502905369,"y":-0.021900055930018426,"z":0.00023553345818072557,"w":-0.999666154384613},"size":2.3667829036712648,"orthographic":false}